tag,category_id,count,color,category_name
,17,223,#ffe119,Sports
2020,24,377,#f032e6,Entertainment
2021,24,458,#f032e6,Entertainment
2022,24,413,#f032e6,Entertainment
2023,24,255,#f032e6,Entertainment
50667,24,210,#f032e6,Entertainment
7 vs wild,24,166,#f032e6,Entertainment
918,2,303,#e6194b,Autos & Vehicles
ARD,24,209,#f032e6,Entertainment
Abgasanlage,2,305,#e6194b,Autos & Vehicles
Action,17,151,#ffe119,Sports
Antilag,2,304,#e6194b,Autos & Vehicles
Audi,2,349,#e6194b,Autos & Vehicles
Auto,2,214,#e6194b,Autos & Vehicles
Auto Racing,17,119,#ffe119,Sports
BMW,2,359,#e6194b,Autos & Vehicles
BTS,10,233,#3cb44b,Music
BVB,17,268,#ffe119,Sports
Backfire,2,301,#e6194b,Autos & Vehicles
Barcelona,17,137,#ffe119,Sports
Bayern,17,166,#ffe119,Sports
Bayern Munich,17,130,#ffe119,Sports
Berlin,24,744,#f032e6,Entertainment
Beziehung,24,205,#f032e6,Entertainment
BiTurbo,2,301,#e6194b,Autos & Vehicles
Boost,2,331,#e6194b,Autos & Vehicles
Borussia Dortmund,17,247,#ffe119,Sports
Bugatti,2,337,#e6194b,Autos & Vehicles
Bundesliga,17,621,#ffe119,Sports
Bundesliga Highlights,17,208,#ffe119,Sports
Burnout,2,307,#e6194b,Autos & Vehicles
Cars,2,314,#e6194b,Autos & Vehicles
Challenge,24,183,#f032e6,Entertainment
Champions League,17,253,#ffe119,Sports
Chelsea,17,120,#ffe119,Sports
Claas,24,160,#f032e6,Entertainment
Comedy,24,521,#f032e6,Entertainment
Compilation,2,316,#e6194b,Autos & Vehicles
Corona,25,160,#bcf60c,News & Politics
Corvette,2,309,#e6194b,Autos & Vehicles
DAZN,17,1016,#ffe119,Sports
DAZN Fußball International,17,126,#ffe119,Sports
DAZN Highlights,17,846,#ffe119,Sports
DAZN Highlights UEFA Champions League,17,121,#ffe119,Sports
DAZN Länderspiele,17,153,#ffe119,Sports
DAZN UEFA Champions League,17,165,#ffe119,Sports
DFB,17,226,#ffe119,Sports
DIY,24,274,#f032e6,Entertainment
DSDS,24,118,#f032e6,Entertainment
Deutsch,20,332,#f58231,Gaming
Deutschland,17,444,#ffe119,Sports
Deutschrap,10,488,#3cb44b,Music
Doku,22,460,#911eb4,People & Blogs
Dokumentation,22,437,#911eb4,People & Blogs
Dortmund,2,461,#e6194b,Autos & Vehicles
Drift,2,305,#e6194b,Autos & Vehicles
EPL Highlights,17,250,#ffe119,Sports
EPL2020/21,17,146,#ffe119,Sports
Eintracht Frankfurt,17,135,#ffe119,Sports
Entertainment,24,128,#f032e6,Entertainment
Europa League,17,125,#ffe119,Sports
Exhaust,2,304,#e6194b,Autos & Vehicles
Experiment,24,179,#f032e6,Entertainment
F1,17,297,#ffe119,Sports
F40,2,302,#e6194b,Autos & Vehicles
FC Barcelona,17,149,#ffe119,Sports
FC Bayern,17,240,#ffe119,Sports
FC Bayern München,17,258,#ffe119,Sports
FC Liverpool,17,116,#ffe119,Sports
FCB,17,264,#ffe119,Sports
FIFA,17,188,#ffe119,Sports
Fail,2,369,#e6194b,Autos & Vehicles
Familie,24,149,#f032e6,Entertainment
Fernsehen,24,192,#f032e6,Entertainment
Ferrari,2,405,#e6194b,Autos & Vehicles
Flames,2,304,#e6194b,Autos & Vehicles
Football,17,483,#ffe119,Sports
Formel 1,17,207,#ffe119,Sports
Formula 1,17,182,#ffe119,Sports
Formula One,17,153,#ffe119,Sports
Fortnite,20,164,#f58231,Gaming
Frankfurt,17,175,#ffe119,Sports
Funny,24,218,#f032e6,Entertainment
Fussball,17,428,#ffe119,Sports
Fußball,17,868,#ffe119,Sports
Fußball Highlights,17,301,#ffe119,Sports
GP,17,147,#ffe119,Sports
GTI,2,308,#e6194b,Autos & Vehicles
Geld,22,122,#911eb4,People & Blogs
German,20,189,#f58231,Gaming
Germany,2,467,#e6194b,Autos & Vehicles
Goal Deutschland,17,132,#ffe119,Sports
Golf,2,345,#e6194b,Autos & Vehicles
Grand Prix,17,132,#ffe119,Sports
Hamburg,17,132,#ffe119,Sports
Highlights,17,668,#ffe119,Sports
Highlights Englische Liga,17,250,#ffe119,Sports
Highlights UEFA Champions League,17,134,#ffe119,Sports
Hip Hop,10,427,#3cb44b,Music
Interview,24,158,#f032e6,Entertainment
JP,2,308,#e6194b,Autos & Vehicles
JP Performance,2,319,#e6194b,Autos & Vehicles
Jean Pierre Kraemer,2,310,#e6194b,Autos & Vehicles
Joko,24,118,#f032e6,Entertainment
Klaas,24,118,#f032e6,Entertainment
Knossi,24,132,#f032e6,Entertainment
Köln,24,317,#f032e6,Entertainment
Lamborghini,2,347,#e6194b,Autos & Vehicles
Landwirtschaft,2,118,#e6194b,Autos & Vehicles
Lewis Hamilton,17,145,#ffe119,Sports
Liebe,24,178,#f032e6,Entertainment
Live,17,288,#ffe119,Sports
Liverpool,17,174,#ffe119,Sports
Livestream,24,181,#f032e6,Entertainment
Loud,2,304,#e6194b,Autos & Vehicles
Lustig,23,140,#46f0f0,Comedy
M4,2,304,#e6194b,Autos & Vehicles
Manchester City,17,140,#ffe119,Sports
Manchester United,17,129,#ffe119,Sports
Matthias Malmedie,2,149,#e6194b,Autos & Vehicles
Mercedes,2,271,#e6194b,Autos & Vehicles
Mexify,20,126,#f58231,Gaming
Minecraft,20,391,#f58231,Gaming
Monte,24,129,#f032e6,Entertainment
Motor Racing,17,118,#ffe119,Sports
Motorsport,2,206,#e6194b,Autos & Vehicles
Music,10,171,#3cb44b,Music
Musik,24,237,#f032e6,Entertainment
Nachrichten,25,159,#bcf60c,News & Politics
Natur,24,133,#f032e6,Entertainment
News,25,245,#bcf60c,News & Politics
PS Profis,2,305,#e6194b,Autos & Vehicles
PSG,17,139,#ffe119,Sports
Papaplatte,24,127,#f032e6,Entertainment
Paris,17,119,#ffe119,Sports
Party,24,144,#f032e6,Entertainment
Physik,28,135,#008080,Science & Technology
Politik,25,160,#bcf60c,News & Politics
Polizei,24,170,#f032e6,Entertainment
Pop,10,296,#3cb44b,Music
Porsche,2,353,#e6194b,Autos & Vehicles
Premier League,17,334,#ffe119,Sports
Premier League Highlights,17,252,#ffe119,Sports
Premier League Sky,17,233,#ffe119,Sports
Pressekonferenz,17,118,#ffe119,Sports
ProSieben,24,237,#f032e6,Entertainment
R8,2,303,#e6194b,Autos & Vehicles
RTL,24,1045,#f032e6,Entertainment
RTL +,24,225,#f032e6,Entertainment
RTL Plus,24,206,#f032e6,Entertainment
RTL+,24,229,#f032e6,Entertainment
RTL2,24,367,#f032e6,Entertainment
RTLZWEI,24,276,#f032e6,Entertainment
RTLplus,17,140,#ffe119,Sports
Rap,10,621,#3cb44b,Music
Reaction,24,122,#f032e6,Entertainment
Reaktion,24,176,#f032e6,Entertainment
Real Madrid,17,153,#ffe119,Sports
Records,10,186,#3cb44b,Music
Reportage,24,416,#f032e6,Entertainment
Review,2,129,#e6194b,Autos & Vehicles
Rock,10,117,#3cb44b,Music
Ronaldo,17,119,#ffe119,Sports
Selbstexperiment,27,176,#fabebe,Education
Serie,24,252,#f032e6,Entertainment
Serie A,17,131,#ffe119,Sports
Show,24,211,#f032e6,Entertainment
Sketch,24,135,#f032e6,Entertainment
Sky,17,189,#ffe119,Sports
Sky Fußball,17,252,#ffe119,Sports
Sky Highlights,17,325,#ffe119,Sports
Sky Sport,17,140,#ffe119,Sports
Soccer,17,382,#ffe119,Sports
Sport,17,490,#ffe119,Sports
Sports,17,197,#ffe119,Sports
Sportschau,17,116,#ffe119,Sports
Spyder,2,301,#e6194b,Autos & Vehicles
Stella Köln 50667,24,208,#f032e6,Entertainment
Stream,24,176,#f032e6,Entertainment
Supra,2,299,#e6194b,Autos & Vehicles
Survival,24,140,#f032e6,Entertainment
TV,24,373,#f032e6,Entertainment
TV Sendung,24,144,#f032e6,Entertainment
TVNOW,24,227,#f032e6,Entertainment
Tennis,17,133,#ffe119,Sports
Test,2,173,#e6194b,Autos & Vehicles
TikTok,24,158,#f032e6,Entertainment
Trailer,24,155,#f032e6,Entertainment
Tuning,2,362,#e6194b,Autos & Vehicles
Turbo,2,334,#e6194b,Autos & Vehicles
Twitch,24,189,#f032e6,Entertainment
UEFA,17,133,#ffe119,Sports
UEFA Champions League,17,216,#ffe119,Sports
UEFA Champions League DAZN,17,145,#ffe119,Sports
UEFA Champions League Highlights,17,154,#ffe119,Sports
UEFA Europa League,17,117,#ffe119,Sports
Unterhaltung,24,256,#f032e6,Entertainment
VLOG,2,355,#e6194b,Autos & Vehicles
VW,2,362,#e6194b,Autos & Vehicles
Veyron,2,303,#e6194b,Autos & Vehicles
Video,24,163,#f032e6,Entertainment
Vlog,24,311,#f032e6,Entertainment
WDR,25,165,#bcf60c,News & Politics
ZDF,17,471,#ffe119,Sports
action,20,133,#f58231,Gaming
aktuell,25,185,#bcf60c,News & Politics
amerika,23,233,#46f0f0,Comedy
amg,2,124,#e6194b,Autos & Vehicles
animation,24,269,#f032e6,Entertainment
apple,28,233,#008080,Science & Technology
asmr,22,143,#911eb4,People & Blogs
audi,2,167,#e6194b,Autos & Vehicles
austausch,23,150,#46f0f0,Comedy
auswandern,22,123,#911eb4,People & Blogs
auto,2,269,#e6194b,Autos & Vehicles
azzlackz,10,116,#3cb44b,Music
baby,22,288,#911eb4,People & Blogs
backen,24,134,#f032e6,Entertainment
bastighg,20,168,#f58231,Gaming
battle,20,135,#f58231,Gaming
battle royale,20,182,#f58231,Gaming
bayern,17,137,#ffe119,Sports
beate köln 50667,24,207,#f032e6,Entertainment
beauty,24,201,#f032e6,Entertainment
behind the scenes,2,119,#e6194b,Autos & Vehicles
berlin,24,391,#f032e6,Entertainment
berlin - tag & nacht,24,273,#f032e6,Entertainment
berlin tag und nacht,24,275,#f032e6,Entertainment
berlin tag und nacht folge von gestern,24,267,#f032e6,Entertainment
berlin tag und nacht folge von heute,24,271,#f032e6,Entertainment
berlin tag und nacht ganze folge,24,269,#f032e6,Entertainment
berlin tag und nacht nachschauen,24,125,#f032e6,Entertainment
berlin tag und nacht preview,24,270,#f032e6,Entertainment
berlin tag und nacht tvnow,24,125,#f032e6,Entertainment
berlin tag und nacht vorschau,24,270,#f032e6,Entertainment
best,22,169,#911eb4,People & Blogs
best of,24,216,#f032e6,Entertainment
beziehung,24,235,#f032e6,Entertainment
bodybuilding,17,128,#ffe119,Sports
boxing,17,137,#ffe119,Sports
brotatos,24,126,#f032e6,Entertainment
btn,24,273,#f032e6,Entertainment
btn ganze folgen,24,127,#f032e6,Entertainment
bundesliga,17,180,#ffe119,Sports
bushido,10,189,#3cb44b,Music
call of duty,20,115,#f58231,Gaming
capital bra,10,204,#3cb44b,Music
carmen krass schule,24,115,#f032e6,Entertainment
challenge,24,923,#f032e6,Entertainment
champions league,17,161,#ffe119,Sports
clash of clans,20,124,#f58231,Gaming
cleo köln 50667,24,168,#f032e6,Entertainment
comedy,24,1305,#f032e6,Entertainment
corona,24,175,#f032e6,Entertainment
daily,24,141,#f032e6,Entertainment
danilo köln 50667,24,208,#f032e6,Entertainment
deutsch,20,1558,#f58231,Gaming
deutschland,24,296,#f032e6,Entertainment
deutschrap,10,845,#3cb44b,Music
die jungen lehrer,24,182,#f032e6,Entertainment
diy,24,324,#f032e6,Entertainment
do it yourself,24,156,#f032e6,Entertainment
doku,22,482,#911eb4,People & Blogs
dokumentation,22,197,#911eb4,People & Blogs
dream,20,130,#f58231,Gaming
education,28,115,#008080,Science & Technology
eli,20,165,#f58231,Gaming
eliasn97,20,218,#f58231,Gaming
eligella,20,197,#f58231,Gaming
engineering,28,118,#008080,Science & Technology
entertainment,24,149,#f032e6,Entertainment
essen,24,326,#f032e6,Entertainment
exchange,23,148,#46f0f0,Comedy
experiment,24,252,#f032e6,Entertainment
fail,24,286,#f032e6,Entertainment
familie,22,287,#911eb4,People & Blogs
family,22,228,#911eb4,People & Blogs
family friendly,17,179,#ffe119,Sports
farid bang,10,128,#3cb44b,Music
fashion,22,248,#911eb4,People & Blogs
fifa,20,336,#f58231,Gaming
fifa 21,20,151,#f58231,Gaming
fifa 22,20,253,#f58231,Gaming
fight,17,127,#ffe119,Sports
fitness,17,231,#ffe119,Sports
food,24,231,#f032e6,Entertainment
football,17,403,#ffe119,Sports
fortnite,20,411,#f58231,Gaming
frankfurt,10,218,#3cb44b,Music
freundin,24,121,#f032e6,Entertainment
fritz meinecke,24,196,#f032e6,Entertainment
fun,24,562,#f032e6,Entertainment
funk,24,452,#f032e6,Entertainment
funny,24,1418,#f032e6,Entertainment
funny video,24,128,#f032e6,Entertainment
fussball,17,130,#ffe119,Sports
fut,20,119,#f58231,Gaming
fußball,17,306,#ffe119,Sports
game,20,269,#f58231,Gaming
gameplay,20,316,#f58231,Gaming
gamerbrother,20,139,#f58231,Gaming
games,20,169,#f58231,Gaming
gaming,20,360,#f58231,Gaming
ganze folge,24,757,#f032e6,Entertainment
ganze folge köln,24,208,#f032e6,Entertainment
geld,24,156,#f032e6,Entertainment
german,20,705,#f58231,Gaming
germany,2,137,#e6194b,Autos & Vehicles
ghg,20,123,#f58231,Gaming
goal,17,130,#ffe119,Sports
goals,17,156,#ffe119,Sports
haftbefehl,10,167,#3cb44b,Music
hamburg,2,212,#e6194b,Autos & Vehicles
happy,23,226,#46f0f0,Comedy
hardcore,20,196,#f58231,Gaming
haul,19,123,#4363d8,Travel & Events
haus,19,123,#4363d8,Travel & Events
hausboot,24,269,#f032e6,Entertainment
hertha,20,135,#f58231,Gaming
highlight,20,311,#f58231,Gaming
highlights,17,1107,#ffe119,Sports
hip hop,10,338,#3cb44b,Music
hiphop,10,715,#3cb44b,Music
how to,24,221,#f032e6,Entertainment
humor,23,191,#46f0f0,Comedy
icrimax,20,147,#f58231,Gaming
inscope21,24,163,#f032e6,Entertainment
instagram,22,151,#911eb4,People & Blogs
interview,24,316,#f032e6,Entertainment
jp performance,2,155,#e6194b,Autos & Vehicles
justin,22,137,#911eb4,People & Blogs
k50667,24,209,#f032e6,Entertainment
kinder,22,132,#911eb4,People & Blogs
knossi,24,199,#f032e6,Entertainment
kochen,24,231,#f032e6,Entertainment
krass klassenfahrt,24,255,#f032e6,Entertainment
krass schule,24,213,#f032e6,Entertainment
krass schule 2020,24,178,#f032e6,Entertainment
krass schule neue staffel,24,181,#f032e6,Entertainment
krasse schule,24,181,#f032e6,Entertainment
kritik,24,121,#f032e6,Entertainment
köln 50667 bo und leonie,24,149,#f032e6,Entertainment
köln 50667 jill,24,208,#f032e6,Entertainment
köln 50667 luca,24,208,#f032e6,Entertainment
köln 50667 nelli,24,208,#f032e6,Entertainment
köln 50667 online schauen kostenlos,24,168,#f032e6,Entertainment
köln 50667 phil,24,208,#f032e6,Entertainment
lachen,24,313,#f032e6,Entertainment
laugh,24,125,#f032e6,Entertainment
lego,24,118,#f032e6,Entertainment
liebe,24,403,#f032e6,Entertainment
lifestyle,22,170,#911eb4,People & Blogs
live,24,619,#f032e6,Entertainment
livestream,20,333,#f58231,Gaming
lol,24,255,#f032e6,Entertainment
lost,20,123,#f58231,Gaming
love,24,258,#f032e6,Entertainment
luciano,10,123,#3cb44b,Music
lustig,24,1451,#f032e6,Entertainment
maeximiliano,2,118,#e6194b,Autos & Vehicles
man,23,162,#46f0f0,Comedy
marvel,24,126,#f032e6,Entertainment
mc,20,202,#f58231,Gaming
meme,20,301,#f58231,Gaming
memes,24,302,#f032e6,Entertainment
mercedes,2,265,#e6194b,Autos & Vehicles
messi,17,126,#ffe119,Sports
minecraft,20,918,#f58231,Gaming
minecraft challenge,20,195,#f58231,Gaming
minecraft hardcore,20,115,#f58231,Gaming
mma,17,178,#ffe119,Sports
mobile game,20,151,#f58231,Gaming
montanablack,24,247,#f032e6,Entertainment
monte,24,190,#f032e6,Entertainment
mukbang,24,157,#f032e6,Entertainment
music,10,448,#3cb44b,Music
music video,10,199,#3cb44b,Music
musik,24,253,#f032e6,Entertainment
musikvideo,10,126,#3cb44b,Music
nachrichten,25,281,#bcf60c,News & Politics
nelly köln 50667,24,208,#f032e6,Entertainment
neu,20,286,#f58231,Gaming
neue folgen,24,203,#f032e6,Entertainment
new,24,307,#f032e6,Entertainment
news,25,504,#bcf60c,News & Politics
niklas sommer,20,140,#f58231,Gaming
niklas wilson,20,171,#f58231,Gaming
nimo,10,123,#3cb44b,Music
nintendo,20,126,#f58231,Gaming
official,10,173,#3cb44b,Music
official video,10,204,#3cb44b,Music
oscar köln,24,208,#f032e6,Entertainment
oskar köln 50667,24,208,#f032e6,Entertainment
paluten,20,176,#f58231,Gaming
papaplatte,24,150,#f032e6,Entertainment
parodie,24,131,#f032e6,Entertainment
polizei,24,124,#f032e6,Entertainment
pop,10,165,#3cb44b,Music
prank,24,551,#f032e6,Entertainment
premier league,17,141,#ffe119,Sports
preview,24,694,#f032e6,Entertainment
preview köln,24,208,#f032e6,Entertainment
pvp,20,128,#f58231,Gaming
rap,10,966,#3cb44b,Music
react,24,134,#f032e6,Entertainment
reaction,24,532,#f032e6,Entertainment
reagiert,24,212,#f032e6,Entertainment
reaktion,24,489,#f032e6,Entertainment
realtalk,24,306,#f032e6,Entertainment
reportage,22,262,#911eb4,People & Blogs
review,28,308,#008080,Science & Technology
rewi,24,145,#f032e6,Entertainment
rewinside,24,147,#f032e6,Entertainment
rezept,22,167,#911eb4,People & Blogs
rezepte,22,163,#911eb4,People & Blogs
rezo,24,132,#f032e6,Entertainment
roomtour,22,152,#911eb4,People & Blogs
rtl,24,140,#f032e6,Entertainment
rtl2,24,587,#f032e6,Entertainment
rtlzwei,24,309,#f032e6,Entertainment
russland,25,134,#bcf60c,News & Politics
samra,10,136,#3cb44b,Music
sascha,24,161,#f032e6,Entertainment
scetch,23,155,#46f0f0,Comedy
schule,24,296,#f032e6,Entertainment
schwanger,22,310,#911eb4,People & Blogs
schwangerschaft,22,165,#911eb4,People & Blogs
science,28,223,#008080,Science & Technology
shorts,24,360,#f032e6,Entertainment
show,24,206,#f032e6,Entertainment
sidney eweka,20,116,#f58231,Gaming
sidney friede,20,159,#f58231,Gaming
sidneyeweka,20,163,#f58231,Gaming
sketch,23,198,#46f0f0,Comedy
sky,17,193,#ffe119,Sports
sky deutschland,17,265,#ffe119,Sports
sky highlights,17,173,#ffe119,Sports
sky sport hd,17,173,#ffe119,Sports
soap köln,24,208,#f032e6,Entertainment
soccer,17,316,#ffe119,Sports
song,10,225,#3cb44b,Music
spaß,24,267,#f032e6,Entertainment
speedrun,20,121,#f58231,Gaming
sport,17,363,#ffe119,Sports
sports,17,172,#ffe119,Sports
sportstudio,17,230,#ffe119,Sports
stadionvlog,24,118,#f032e6,Entertainment
staffel 4,24,131,#f032e6,Entertainment
story,20,115,#f58231,Gaming
storytime,24,144,#f032e6,Entertainment
stream,24,563,#f032e6,Entertainment
stream highlights,24,209,#f032e6,Entertainment
team,20,128,#f58231,Gaming
tech,28,115,#008080,Science & Technology
test,24,340,#f032e6,Entertainment
the,10,125,#3cb44b,Music
tik tok,24,228,#f032e6,Entertainment
tiktok,24,586,#f032e6,Entertainment
tipps,20,242,#f58231,Gaming
tips,24,132,#f032e6,Entertainment
toni köln 50667,24,208,#f032e6,Entertainment
trailer,20,222,#f58231,Gaming
training,17,234,#ffe119,Sports
trending,24,126,#f032e6,Entertainment
trends,24,245,#f032e6,Entertainment
tricks,20,230,#f58231,Gaming
trymacs,20,364,#f58231,Gaming
tuning,2,237,#e6194b,Autos & Vehicles
tutorial,20,511,#f58231,Gaming
tv,24,177,#f032e6,Entertainment
tv now,24,714,#f032e6,Entertainment
tv now krass schule,24,181,#f032e6,Entertainment
twitch,24,670,#f032e6,Entertainment
tägliche highlights,24,351,#f032e6,Entertainment
ufc,17,175,#ffe119,Sports
umzug,22,152,#911eb4,People & Blogs
unboxing,28,129,#008080,Science & Technology
unge,24,138,#f032e6,Entertainment
unsympathischtv,24,141,#f032e6,Entertainment
unterhaltung,24,227,#f032e6,Entertainment
update,20,142,#f58231,Gaming
urlaub,24,118,#f032e6,Entertainment
usa,23,229,#46f0f0,Comedy
varion,23,166,#46f0f0,Comedy
verarsche,23,159,#46f0f0,Comedy
video,10,467,#3cb44b,Music
viral,24,232,#f032e6,Entertainment
vlog,24,1213,#f032e6,Entertainment
vlogs,24,220,#f032e6,Entertainment
vorschau,24,217,#f032e6,Entertainment
vs,17,146,#ffe119,Sports
welt,25,161,#bcf60c,News & Politics
werkstatt,2,117,#e6194b,Autos & Vehicles
witzig,24,361,#f032e6,Entertainment
workout,17,164,#ffe119,Sports
youtube,22,211,#911eb4,People & Blogs
youtuber,22,187,#911eb4,People & Blogs
yt:cc=on,20,302,#f58231,Gaming
zdf,24,268,#f032e6,Entertainment
österreich,24,127,#f032e6,Entertainment
방탄소년단,10,138,#3cb44b,Music
